{"cameraMode":{"drawMode":0,"name":"Shaded","section":"Shading Mode"},"sceneLighting":true,"audioPlay":false,"sceneViewState":{"m_AlwaysRefresh":false,"showFog":true,"showSkybox":true,"showFlares":true,"showImageEffects":true,"showParticleSystems":true,"showVisualEffectGraphs":true,"m_FxEnabled":true},"in2DMode":false,"pivot":{"x":0.44845911860466006,"y":2.36102032661438,"z":2.193999767303467},"rotation":{"x":0.10923466086387634,"y":-0.080437071621418,"z":0.008858796209096909,"w":0.9907453656196594},"size":0.3537103533744812,"orthographic":false}